{"cameraMode":{"drawMode":0,"name":"Shaded","section":"Shading Mode"},"sceneLighting":true,"audioPlay":false,"sceneViewState":{"m_AlwaysRefresh":false,"showFog":true,"showSkybox":true,"showFlares":true,"showImageEffects":true,"showParticleSystems":true,"showVisualEffectGraphs":true,"m_FxEnabled":true},"in2DMode":false,"pivot":{"x":-0.19858169555664063,"y":0.4812450408935547,"z":-4.836994171142578},"rotation":{"x":0.44008415937423708,"y":-0.13540586829185487,"z":0.06732254475355149,"w":0.8851402997970581},"size":1.8302379846572877,"orthographic":true}