{"cameraMode":{"drawMode":0,"name":"Shaded","section":"Shading Mode"},"sceneLighting":true,"audioPlay":false,"sceneViewState":{"m_AlwaysRefresh":false,"showFog":true,"showSkybox":true,"showFlares":true,"showImageEffects":true,"showParticleSystems":true,"showVisualEffectGraphs":true,"m_FxEnabled":true},"in2DMode":false,"pivot":{"x":157.20118713378907,"y":-41.975547790527347,"z":12.322969436645508},"rotation":{"x":0.278889924287796,"y":-0.0968928411602974,"z":0.028297223150730134,"w":0.9551145434379578},"size":115.20088958740235,"orthographic":true}