{"cameraMode":{"drawMode":0,"name":"Shaded","section":"Shading Mode"},"sceneLighting":true,"audioPlay":false,"sceneViewState":{"m_AlwaysRefresh":false,"showFog":true,"showSkybox":true,"showFlares":true,"showImageEffects":true,"showParticleSystems":true,"showVisualEffectGraphs":true,"m_FxEnabled":true},"in2DMode":false,"pivot":{"x":19.380186080932618,"y":-0.024379849433898927,"z":1.6596577167510987},"rotation":{"x":0.5694009065628052,"y":-0.04113538935780525,"z":0.028567856177687646,"w":0.8206216096878052},"size":7.0493621826171879,"orthographic":true}