{"cameraMode":{"drawMode":0,"name":"Shaded","section":"Shading Mode"},"sceneLighting":true,"audioPlay":false,"sceneViewState":{"m_AlwaysRefresh":false,"showFog":true,"showSkybox":true,"showFlares":true,"showImageEffects":true,"showParticleSystems":true,"showVisualEffectGraphs":true,"m_FxEnabled":true},"in2DMode":false,"pivot":{"x":-0.1916193962097168,"y":0.04102084040641785,"z":-5.450399398803711},"rotation":{"x":-0.3535359501838684,"y":0.17094162106513978,"z":-0.06581363826990128,"w":-0.9174587726593018},"size":0.6633343696594238,"orthographic":true}