{"cameraMode":{"drawMode":0,"name":"Shaded","section":"Shading Mode"},"sceneLighting":true,"audioPlay":false,"sceneViewState":{"m_AlwaysRefresh":false,"showFog":true,"showSkybox":true,"showFlares":true,"showImageEffects":true,"showParticleSystems":true,"showVisualEffectGraphs":true,"m_FxEnabled":true},"in2DMode":false,"pivot":{"x":16.84503173828125,"y":12.134040832519532,"z":17.312936782836915},"rotation":{"x":0.038961682468652728,"y":-0.9441719651222229,"z":0.30481600761413576,"w":0.12010589987039566},"size":9.273612976074219,"orthographic":true}