{"cameraMode":{"drawMode":0,"name":"Shaded","section":"Shading Mode"},"sceneLighting":true,"audioPlay":false,"sceneViewState":{"m_AlwaysRefresh":false,"showFog":true,"showSkybox":true,"showFlares":true,"showImageEffects":true,"showParticleSystems":true,"showVisualEffectGraphs":true,"m_FxEnabled":true},"in2DMode":false,"pivot":{"x":254.80653381347657,"y":265.26788330078127,"z":248.21578979492188},"rotation":{"x":0.009652155451476574,"y":-0.221927210688591,"z":0.002193859778344631,"w":0.9750216007232666},"size":274.8675231933594,"orthographic":true}