{"cameraMode":{"drawMode":0,"name":"Shaded","section":"Shading Mode"},"sceneLighting":true,"audioPlay":false,"sceneViewState":{"m_AlwaysRefresh":false,"showFog":true,"showSkybox":true,"showFlares":true,"showImageEffects":true,"showParticleSystems":true,"showVisualEffectGraphs":true,"m_FxEnabled":true},"in2DMode":false,"pivot":{"x":0.11299999803304672,"y":0.3199999928474426,"z":-8.449999809265137},"rotation":{"x":0.13149964809417725,"y":-0.30994245409965517,"z":0.04332823306322098,"w":0.9406331181526184},"size":0.8660253882408142,"orthographic":true}