{"cameraMode":{"drawMode":0,"name":"Shaded","section":"Shading Mode"},"sceneLighting":true,"audioPlay":false,"sceneViewState":{"m_AlwaysRefresh":false,"showFog":true,"showSkybox":true,"showFlares":true,"showImageEffects":true,"showParticleSystems":true,"showVisualEffectGraphs":true,"m_FxEnabled":true},"in2DMode":false,"pivot":{"x":-6.261186599731445,"y":0.33809661865234377,"z":18.84329605102539},"rotation":{"x":0.36595407128334048,"y":0.3212704360485077,"z":-0.13616472482681275,"w":0.8628472685813904},"size":11.384697914123536,"orthographic":true}