{"cameraMode":{"drawMode":0,"name":"Shaded","section":"Shading Mode"},"sceneLighting":true,"audioPlay":false,"sceneViewState":{"m_AlwaysRefresh":false,"showFog":true,"showSkybox":true,"showFlares":true,"showImageEffects":true,"showParticleSystems":true,"showVisualEffectGraphs":true,"m_FxEnabled":true},"in2DMode":false,"pivot":{"x":0.3643531799316406,"y":0.11012334376573563,"z":-7.596121311187744},"rotation":{"x":-0.32625511288642886,"y":0.2881520688533783,"z":-0.10506125539541245,"w":-0.894292414188385},"size":0.19986681640148164,"orthographic":true}