{"cameraMode":{"drawMode":0,"name":"Shaded","section":"Shading Mode"},"sceneLighting":true,"audioPlay":false,"sceneViewState":{"m_AlwaysRefresh":false,"showFog":true,"showSkybox":true,"showFlares":true,"showImageEffects":true,"showParticleSystems":true,"showVisualEffectGraphs":true,"m_FxEnabled":true},"in2DMode":false,"pivot":{"x":0.6622505187988281,"y":8.629884719848633,"z":2.459688663482666},"rotation":{"x":0.33100390434265139,"y":-0.21724112331867219,"z":0.07859373092651367,"w":0.9150286912918091},"size":12.254226684570313,"orthographic":true}