{"cameraMode":{"drawMode":0,"name":"Shaded","section":"Shading Mode"},"sceneLighting":true,"audioPlay":false,"sceneViewState":{"m_AlwaysRefresh":false,"showFog":true,"showSkybox":true,"showFlares":true,"showImageEffects":true,"showParticleSystems":true,"showVisualEffectGraphs":true,"m_FxEnabled":true},"in2DMode":false,"pivot":{"x":-9.567190170288086,"y":0.11555662751197815,"z":7.536259651184082},"rotation":{"x":0.091351717710495,"y":0.11715050041675568,"z":-0.010704672895371914,"w":0.9889399409294128},"size":0.9401605725288391,"orthographic":true}